attendance_id,employee_id,month,total_days,present_days,absent_days,leave_days,late_days
1,1001,January,24,20,4,0,0
2,1001,February,23,20,3,0,0
3,1001,March,24,19,5,0,0
4,1001,April,25,21,4,0,0
5,1001,May,24,22,2,0,0
6,1001,June,23,20,3,0,0
7,1001,July,22,18,4,0,0
8,1001,August,22,18,4,0,2
9,1001,September,24,21,3,0,0
10,1001,October,22,18,4,0,0
11,1001,November,25,23,2,0,0
12,1001,December,24,20,4,0,0
13,1002,January,25,21,4,0,0
14,1002,February,23,18,5,0,0
15,1002,March,22,19,3,0,0
16,1002,April,23,19,4,0,0
17,1002,May,24,22,2,0,0
18,1002,June,22,17,5,0,0
19,1002,July,25,23,2,0,0
20,1002,August,23,19,4,0,0
21,1002,September,24,20,4,0,0
22,1002,October,24,21,3,0,0
23,1002,November,25,21,4,0,0
24,1002,December,22,19,3,0,0
25,1003,January,22,17,5,0,0
26,1003,February,23,19,4,0,0
27,1003,March,25,23,2,0,0
28,1003,April,22,19,3,0,0
29,1003,May,22,18,4,0,0
30,1003,June,23,21,2,0,0
31,1003,July,23,20,3,0,0
32,1003,August,24,22,2,0,0
33,1003,September,25,23,2,0,0
34,1003,October,23,18,5,0,0
35,1003,November,22,18,4,0,0
36,1003,December,22,20,2,0,0
37,1004,January,24,23,1,0,0
38,1004,February,22,22,0,0,0
39,1004,March,24,22,2,0,1
40,1004,April,25,23,2,0,0
41,1004,May,25,23,2,0,0
42,1004,June,24,24,0,0,0
43,1004,July,22,22,0,0,0
44,1004,August,25,24,1,0,0
45,1004,September,23,22,1,0,0
46,1004,October,23,22,1,0,0
47,1004,November,23,22,1,0,0
48,1004,December,25,25,0,0,0
49,1005,January,25,20,5,0,0
50,1005,February,25,22,3,0,0
51,1005,March,22,20,2,0,0
52,1005,April,24,20,4,0,0
53,1005,May,22,18,4,0,0
54,1005,June,24,22,2,0,0
55,1005,July,24,20,4,0,0
56,1005,August,24,22,2,0,0
57,1005,September,22,17,5,0,0
58,1005,October,24,22,2,0,0
59,1005,November,25,22,3,0,0
60,1005,December,23,19,4,0,0
61,1006,January,22,19,3,0,0
62,1006,February,24,22,2,0,0
63,1006,March,23,19,4,0,0
64,1006,April,22,19,3,0,0
65,1006,May,23,19,4,0,0
66,1006,June,22,20,2,0,0
67,1006,July,24,21,3,0,0
68,1006,August,24,20,4,0,0
69,1006,September,23,18,5,0,0
70,1006,October,23,20,3,0,0
71,1006,November,23,18,5,0,0
72,1006,December,23,20,3,0,0
73,1007,January,24,20,4,0,2
74,1007,February,24,22,2,0,0
75,1007,March,24,19,5,0,0
76,1007,April,25,23,2,0,2
77,1007,May,23,18,5,0,0
78,1007,June,24,20,4,0,0
79,1007,July,24,20,4,0,0
80,1007,August,23,19,4,0,0
81,1007,September,25,23,2,0,0
82,1007,October,24,19,5,0,0
83,1007,November,22,17,5,0,0
84,1007,December,24,22,2,0,1
85,1008,January,24,22,2,0,0
86,1008,February,25,24,1,0,0
87,1008,March,22,21,1,0,0
88,1008,April,23,22,1,0,0
89,1008,May,24,23,1,0,0
90,1008,June,22,21,1,0,0
91,1008,July,24,22,2,0,0
92,1008,August,25,24,1,0,0
93,1008,September,24,24,0,7,0
94,1008,October,25,24,1,0,0
95,1008,November,22,21,1,0,2
96,1008,December,22,22,0,0,0
97,1009,January,23,21,2,0,0
98,1009,February,23,23,0,0,0
99,1009,March,25,24,1,0,0
100,1009,April,23,22,1,0,0
101,1009,May,24,24,0,0,0
102,1009,June,22,22,0,0,0
103,1009,July,23,21,2,0,0
104,1009,August,25,23,2,0,0
105,1009,September,25,25,0,0,0
106,1009,October,25,24,1,0,0
107,1009,November,22,22,0,0,0
108,1009,December,25,23,2,0,0
109,1010,January,23,22,1,0,0
110,1010,February,24,23,1,0,0
111,1010,March,24,23,1,0,0
112,1010,April,24,24,0,0,0
113,1010,May,23,23,0,0,0
114,1010,June,22,21,1,0,0
115,1010,July,25,25,0,0,0
116,1010,August,25,24,1,0,0
117,1010,September,22,22,0,0,2
118,1010,October,25,24,1,0,0
119,1010,November,24,23,1,0,0
120,1010,December,22,22,0,0,0
121,1011,January,25,22,3,0,0
122,1011,February,24,21,3,0,0
123,1011,March,25,21,4,0,0
124,1011,April,22,20,2,0,0
125,1011,May,23,20,3,0,0
126,1011,June,23,20,3,0,0
127,1011,July,22,19,3,0,0
128,1011,August,23,21,2,0,0
129,1011,September,22,19,3,0,0
130,1011,October,22,19,3,0,0
131,1011,November,24,21,3,0,0
132,1011,December,23,20,3,0,0
133,1012,January,23,21,2,0,1
134,1012,February,25,22,3,0,0
135,1012,March,23,21,2,0,0
136,1012,April,25,21,4,0,0
137,1012,May,25,23,2,0,0
138,1012,June,25,20,5,0,0
139,1012,July,24,19,5,0,0
140,1012,August,22,17,5,0,0
141,1012,September,25,22,3,0,0
142,1012,October,25,22,3,0,0
143,1012,November,25,21,4,0,0
144,1012,December,25,22,3,0,0
145,1013,January,22,20,2,0,0
146,1013,February,23,22,1,0,0
147,1013,March,24,23,1,0,0
148,1013,April,23,23,0,0,0
149,1013,May,22,22,0,0,0
150,1013,June,23,23,0,0,0
151,1013,July,23,23,0,0,0
152,1013,August,23,23,0,0,0
153,1013,September,25,25,0,0,0
154,1013,October,25,25,0,6,0
155,1013,November,25,24,1,0,0
156,1013,December,22,22,0,0,0
157,1014,January,22,20,2,0,0
158,1014,February,22,18,4,0,1
159,1014,March,23,21,2,0,0
160,1014,April,22,19,3,0,0
161,1014,May,25,20,5,0,0
162,1014,June,25,21,4,0,0
163,1014,July,25,21,4,0,0
164,1014,August,22,17,5,0,0
165,1014,September,24,19,5,0,0
166,1014,October,23,18,5,0,2
167,1014,November,25,23,2,0,0
168,1014,December,23,20,3,0,0
169,1015,January,25,23,2,0,0
170,1015,February,24,22,2,0,0
171,1015,March,23,23,0,0,0
172,1015,April,23,21,2,0,0
173,1015,May,22,21,1,0,0
174,1015,June,24,23,1,0,0
175,1015,July,23,22,1,0,0
176,1015,August,24,22,2,0,0
177,1015,September,24,23,1,0,0
178,1015,October,23,22,1,0,0
179,1015,November,25,24,1,0,0
180,1015,December,23,23,0,0,0
181,1016,January,22,17,5,0,0
182,1016,February,22,19,3,0,0
183,1016,March,22,19,3,0,2
184,1016,April,24,19,5,0,0
185,1016,May,24,20,4,0,0
186,1016,June,22,18,4,0,0
187,1016,July,25,23,2,0,0
188,1016,August,23,19,4,0,0
189,1016,September,25,22,3,0,0
190,1016,October,25,20,5,0,1
191,1016,November,25,22,3,0,0
192,1016,December,23,18,5,0,0
193,1017,January,25,22,3,0,0
194,1017,February,22,19,3,0,0
195,1017,March,24,19,5,0,0
196,1017,April,22,20,2,0,0
197,1017,May,22,18,4,0,0
198,1017,June,25,22,3,0,0
199,1017,July,22,19,3,0,0
200,1017,August,24,19,5,0,0
201,1017,September,25,21,4,0,0
202,1017,October,23,18,5,0,0
203,1017,November,24,22,2,0,0
204,1017,December,24,19,5,0,2
205,1018,January,22,17,5,0,0
206,1018,February,22,17,5,0,0
207,1018,March,24,22,2,0,0
208,1018,April,22,20,2,0,0
209,1018,May,22,17,5,0,0
210,1018,June,24,20,4,0,0
211,1018,July,24,20,4,0,0
212,1018,August,23,21,2,0,0
213,1018,September,25,20,5,0,0
214,1018,October,25,23,2,0,0
215,1018,November,23,21,2,0,0
216,1018,December,23,21,2,0,0
217,1019,January,25,24,1,0,0
218,1019,February,24,23,1,0,0
219,1019,March,23,23,0,0,0
220,1019,April,25,24,1,0,0
221,1019,May,25,24,1,0,1
222,1019,June,23,22,1,0,0
223,1019,July,23,22,1,0,0
224,1019,August,25,25,0,0,0
225,1019,September,25,24,1,0,1
226,1019,October,23,23,0,0,0
227,1019,November,24,23,1,0,0
228,1019,December,25,25,0,0,0
229,1020,January,22,22,0,0,0
230,1020,February,24,24,0,0,0
231,1020,March,24,23,1,0,0
232,1020,April,24,24,0,6,0
233,1020,May,23,22,1,0,0
234,1020,June,25,25,0,0,0
235,1020,July,24,24,0,0,0
236,1020,August,22,21,1,0,0
237,1020,September,25,23,2,0,2
238,1020,October,22,21,1,0,0
239,1020,November,23,23,0,0,0
240,1020,December,24,23,1,0,0
241,1021,January,23,21,2,0,0
242,1021,February,24,21,3,0,0
243,1021,March,22,18,4,0,0
244,1021,April,24,22,2,0,0
245,1021,May,25,22,3,0,0
246,1021,June,22,19,3,0,0
247,1021,July,24,21,3,0,0
248,1021,August,23,18,5,0,0
249,1021,September,24,22,2,0,2
250,1021,October,22,18,4,0,0
251,1021,November,25,22,3,0,0
252,1021,December,23,19,4,0,0
253,1022,January,24,23,1,0,0
254,1022,February,24,23,1,0,0
255,1022,March,24,24,0,0,0
256,1022,April,22,20,2,0,0
257,1022,May,24,22,2,0,0
258,1022,June,23,22,1,0,0
259,1022,July,22,20,2,0,0
260,1022,August,25,25,0,0,0
261,1022,September,22,20,2,0,0
262,1022,October,23,23,0,0,0
263,1022,November,23,22,1,0,0
264,1022,December,25,23,2,0,0
265,1023,January,23,20,3,0,0
266,1023,February,25,22,3,0,0
267,1023,March,24,19,5,0,0
268,1023,April,24,21,3,0,0
269,1023,May,23,19,4,0,0
270,1023,June,25,22,3,0,0
271,1023,July,22,17,5,0,0
272,1023,August,24,19,5,0,0
273,1023,September,22,17,5,0,0
274,1023,October,23,18,5,0,2
275,1023,November,22,18,4,0,0
276,1023,December,24,19,5,0,0
277,1024,January,25,20,5,0,0
278,1024,February,24,19,5,0,0
279,1024,March,23,18,5,0,0
280,1024,April,24,20,4,0,0
281,1024,May,23,18,5,0,0
282,1024,June,24,22,2,0,0
283,1024,July,24,20,4,0,0
284,1024,August,22,19,3,0,0
285,1024,September,23,21,2,0,0
286,1024,October,24,21,3,0,0
287,1024,November,22,20,2,0,0
288,1024,December,24,21,3,0,0
289,1025,January,23,19,4,0,0
290,1025,February,24,21,3,0,0
291,1025,March,24,22,2,0,0
292,1025,April,23,18,5,0,0
293,1025,May,23,18,5,0,0
294,1025,June,24,19,5,0,0
295,1025,July,25,20,5,0,0
296,1025,August,22,18,4,0,0
297,1025,September,25,22,3,0,0
298,1025,October,25,21,4,0,0
299,1025,November,25,23,2,0,0
300,1025,December,25,22,3,0,0
301,1026,January,25,23,2,0,1
302,1026,February,23,21,2,0,0
303,1026,March,23,18,5,0,0
304,1026,April,24,20,4,0,0
305,1026,May,22,20,2,0,0
306,1026,June,24,19,5,0,0
307,1026,July,23,19,4,0,0
308,1026,August,22,20,2,0,0
309,1026,September,24,21,3,0,0
310,1026,October,25,20,5,0,0
311,1026,November,23,21,2,0,0
312,1026,December,24,19,5,0,0
313,1027,January,24,22,2,0,0
314,1027,February,24,22,2,0,0
315,1027,March,22,22,0,0,0
316,1027,April,22,20,2,0,0
317,1027,May,22,22,0,0,0
318,1027,June,23,21,2,0,0
319,1027,July,23,23,0,0,0
320,1027,August,23,23,0,0,0
321,1027,September,24,23,1,0,0
322,1027,October,23,22,1,0,0
323,1027,November,24,24,0,0,0
324,1027,December,23,21,2,0,0
325,1028,January,24,21,3,0,0
326,1028,February,24,21,3,0,0
327,1028,March,23,18,5,0,0
328,1028,April,23,19,4,0,0
329,1028,May,23,19,4,0,0
330,1028,June,25,21,4,0,0
331,1028,July,23,21,2,0,0
332,1028,August,22,18,4,0,0
333,1028,September,23,20,3,0,0
334,1028,October,24,19,5,0,0
335,1028,November,23,21,2,0,0
336,1028,December,24,20,4,0,0
337,1029,January,23,23,0,0,0
338,1029,February,25,25,0,0,0
339,1029,March,23,21,2,0,0
340,1029,April,23,23,0,0,0
341,1029,May,23,22,1,0,0
342,1029,June,24,23,1,0,0
343,1029,July,24,24,0,0,0
344,1029,August,22,22,0,0,0
345,1029,September,23,23,0,0,0
346,1029,October,24,23,1,0,0
347,1029,November,22,22,0,0,0
348,1029,December,25,25,0,7,0
349,1030,January,23,18,5,0,0
350,1030,February,22,20,2,0,0
351,1030,March,22,19,3,0,0
352,1030,April,22,18,4,0,0
353,1030,May,22,18,4,0,0
354,1030,June,24,22,2,0,0
355,1030,July,25,20,5,0,0
356,1030,August,25,20,5,0,0
357,1030,September,24,21,3,0,0
358,1030,October,23,21,2,0,0
359,1030,November,25,22,3,0,0
360,1030,December,22,18,4,0,0
361,1031,January,25,21,4,0,0
362,1031,February,25,20,5,0,0
363,1031,March,23,21,2,0,0
364,1031,April,24,20,4,0,0
365,1031,May,22,17,5,0,0
366,1031,June,23,20,3,0,0
367,1031,July,23,21,2,0,0
368,1031,August,22,18,4,0,0
369,1031,September,24,22,2,0,0
370,1031,October,24,19,5,0,0
371,1031,November,24,21,3,0,0
372,1031,December,25,20,5,0,0
373,1032,January,23,21,2,0,0
374,1032,February,24,24,0,0,0
375,1032,March,25,24,1,0,0
376,1032,April,23,22,1,0,0
377,1032,May,23,21,2,0,0
378,1032,June,25,24,1,0,0
379,1032,July,22,21,1,0,0
380,1032,August,24,23,1,0,0
381,1032,September,24,22,2,0,0
382,1032,October,23,22,1,0,0
383,1032,November,25,24,1,0,0
384,1032,December,25,23,2,0,0
385,1033,January,24,19,5,0,0
386,1033,February,22,18,4,0,0
387,1033,March,23,19,4,0,0
388,1033,April,24,20,4,0,0
389,1033,May,24,21,3,0,0
390,1033,June,23,21,2,0,0
391,1033,July,23,20,3,0,0
392,1033,August,24,22,2,0,0
393,1033,September,22,17,5,0,0
394,1033,October,24,21,3,0,0
395,1033,November,22,18,4,0,0
396,1033,December,24,21,3,0,0
397,1034,January,22,20,2,0,0
398,1034,February,25,23,2,0,0
399,1034,March,23,18,5,0,0
400,1034,April,22,20,2,0,0
401,1034,May,25,22,3,0,0
402,1034,June,25,22,3,0,0
403,1034,July,23,20,3,0,2
404,1034,August,25,20,5,0,0
405,1034,September,24,21,3,0,0
406,1034,October,23,18,5,0,0
407,1034,November,25,20,5,0,0
408,1034,December,24,19,5,0,0
409,1035,January,25,22,3,0,0
410,1035,February,23,20,3,0,0
411,1035,March,23,20,3,0,0
412,1035,April,25,23,2,0,0
413,1035,May,25,20,5,0,0
414,1035,June,22,18,4,0,0
415,1035,July,25,20,5,0,0
416,1035,August,22,18,4,0,0
417,1035,September,23,19,4,0,0
418,1035,October,25,22,3,0,0
419,1035,November,25,20,5,0,0
420,1035,December,25,20,5,0,1
421,1036,January,22,22,0,5,0
422,1036,February,25,23,2,0,0
423,1036,March,25,25,0,0,0
424,1036,April,25,25,0,0,0
425,1036,May,22,22,0,0,0
426,1036,June,22,20,2,0,0
427,1036,July,24,24,0,0,0
428,1036,August,23,21,2,0,0
429,1036,September,25,24,1,0,0
430,1036,October,24,24,0,5,0
431,1036,November,22,22,0,7,0
432,1036,December,24,24,0,0,0
433,1037,January,24,22,2,0,0
434,1037,February,23,22,1,0,0
435,1037,March,24,23,1,0,1
436,1037,April,22,20,2,0,0
437,1037,May,23,22,1,0,0
438,1037,June,22,21,1,0,0
439,1037,July,24,24,0,0,0
440,1037,August,22,22,0,0,0
441,1037,September,25,24,1,0,0
442,1037,October,22,20,2,0,0
443,1037,November,22,22,0,0,0
444,1037,December,25,24,1,0,0
445,1038,January,24,20,4,0,0
446,1038,February,25,20,5,0,0
447,1038,March,22,20,2,0,0
448,1038,April,23,21,2,0,0
449,1038,May,22,19,3,0,2
450,1038,June,25,21,4,0,1
451,1038,July,23,20,3,0,1
452,1038,August,23,19,4,0,0
453,1038,September,23,20,3,0,0
454,1038,October,22,19,3,0,2
455,1038,November,25,23,2,0,0
456,1038,December,25,22,3,0,0
457,1039,January,24,22,2,0,1
458,1039,February,24,21,3,0,0
459,1039,March,23,20,3,0,0
460,1039,April,25,22,3,0,0
461,1039,May,23,18,5,0,0
462,1039,June,25,21,4,0,0
463,1039,July,25,21,4,0,0
464,1039,August,24,22,2,0,0
465,1039,September,24,21,3,0,0
466,1039,October,23,21,2,0,0
467,1039,November,25,21,4,0,0
468,1039,December,24,21,3,0,0
469,1040,January,24,21,3,0,0
470,1040,February,22,20,2,0,0
471,1040,March,24,19,5,0,0
472,1040,April,22,18,4,0,0
473,1040,May,23,21,2,0,0
474,1040,June,22,17,5,0,0
475,1040,July,23,19,4,0,0
476,1040,August,23,21,2,0,0
477,1040,September,25,21,4,0,0
478,1040,October,23,19,4,0,0
479,1040,November,23,21,2,0,0
480,1040,December,24,19,5,0,0
481,1041,January,22,19,3,0,0
482,1041,February,23,18,5,0,0
483,1041,March,25,20,5,0,0
484,1041,April,22,17,5,0,0
485,1041,May,22,18,4,0,0
486,1041,June,23,18,5,0,0
487,1041,July,22,19,3,0,0
488,1041,August,23,21,2,0,0
489,1041,September,25,23,2,0,0
490,1041,October,24,19,5,0,0
491,1041,November,22,19,3,0,0
492,1041,December,23,19,4,0,0
493,1042,January,22,20,2,0,0
494,1042,February,23,18,5,0,0
495,1042,March,24,19,5,0,0
496,1042,April,24,22,2,0,0
497,1042,May,24,22,2,0,0
498,1042,June,23,19,4,0,0
499,1042,July,24,21,3,0,0
500,1042,August,22,18,4,0,0
501,1042,September,24,22,2,0,0
502,1042,October,24,20,4,0,0
503,1042,November,23,18,5,0,0
504,1042,December,22,19,3,0,0
505,1043,January,23,18,5,0,0
506,1043,February,25,21,4,0,0
507,1043,March,24,19,5,0,0
508,1043,April,24,21,3,0,0
509,1043,May,23,21,2,0,0
510,1043,June,23,20,3,0,0
511,1043,July,22,19,3,0,0
512,1043,August,25,21,4,0,0
513,1043,September,22,17,5,0,0
514,1043,October,23,20,3,0,0
515,1043,November,23,20,3,0,0
516,1043,December,24,22,2,0,0
517,1044,January,22,21,1,0,0
518,1044,February,23,23,0,0,0
519,1044,March,22,22,0,0,0
520,1044,April,24,23,1,0,0
521,1044,May,22,22,0,0,0
522,1044,June,25,24,1,0,2
523,1044,July,22,22,0,0,0
524,1044,August,23,22,1,0,0
525,1044,September,23,22,1,0,0
526,1044,October,23,22,1,0,0
527,1044,November,25,24,1,0,0
528,1044,December,22,21,1,0,0
529,1045,January,25,21,4,0,0
530,1045,February,24,19,5,0,0
531,1045,March,22,20,2,0,0
532,1045,April,23,20,3,0,0
533,1045,May,22,17,5,0,1
534,1045,June,22,17,5,0,0
535,1045,July,23,20,3,0,0
536,1045,August,23,21,2,0,0
537,1045,September,25,22,3,0,0
538,1045,October,23,18,5,0,0
539,1045,November,22,20,2,0,0
540,1045,December,23,21,2,0,0
541,1046,January,23,18,5,0,0
542,1046,February,23,20,3,0,0
543,1046,March,23,20,3,0,2
544,1046,April,25,22,3,0,0
545,1046,May,23,19,4,0,0
546,1046,June,23,20,3,0,0
547,1046,July,25,20,5,0,0
548,1046,August,25,22,3,0,0
549,1046,September,23,18,5,0,0
550,1046,October,25,23,2,0,0
551,1046,November,22,17,5,0,0
552,1046,December,25,20,5,0,0
553,1047,January,23,20,3,0,0
554,1047,February,23,18,5,0,0
555,1047,March,25,23,2,0,0
556,1047,April,22,19,3,0,0
557,1047,May,23,21,2,0,0
558,1047,June,25,23,2,0,0
559,1047,July,23,20,3,0,0
560,1047,August,23,19,4,0,0
561,1047,September,24,22,2,0,0
562,1047,October,22,17,5,0,0
563,1047,November,23,20,3,0,0
564,1047,December,25,21,4,0,0
565,1048,January,23,22,1,0,0
566,1048,February,22,20,2,0,0
567,1048,March,23,21,2,0,0
568,1048,April,22,20,2,0,0
569,1048,May,25,24,1,0,0
570,1048,June,24,22,2,0,0
571,1048,July,24,23,1,0,0
572,1048,August,24,24,0,6,0
573,1048,September,25,24,1,0,0
574,1048,October,25,23,2,0,0
575,1048,November,22,22,0,0,0
576,1048,December,23,23,0,0,0
577,1049,January,23,21,2,0,0
578,1049,February,24,19,5,0,0
579,1049,March,22,19,3,0,0
580,1049,April,25,23,2,0,0
581,1049,May,22,19,3,0,0
582,1049,June,24,22,2,0,0
583,1049,July,24,20,4,0,0
584,1049,August,25,20,5,0,0
585,1049,September,22,18,4,0,0
586,1049,October,24,21,3,0,0
587,1049,November,24,19,5,0,0
588,1049,December,22,18,4,0,0
589,1050,January,24,20,4,0,0
590,1050,February,24,21,3,0,0
591,1050,March,23,20,3,0,0
592,1050,April,25,20,5,0,0
593,1050,May,25,20,5,0,0
594,1050,June,23,19,4,0,0
595,1050,July,22,18,4,0,0
596,1050,August,25,20,5,0,0
597,1050,September,22,18,4,0,0
598,1050,October,25,23,2,0,0
599,1050,November,23,21,2,0,0
600,1050,December,22,18,4,0,0
601,1051,January,23,20,3,0,0
602,1051,February,23,18,5,0,0
603,1051,March,22,19,3,0,0
604,1051,April,23,20,3,0,0
605,1051,May,24,19,5,0,0
606,1051,June,24,21,3,0,0
607,1051,July,23,20,3,0,0
608,1051,August,25,22,3,0,0
609,1051,September,23,19,4,0,0
610,1051,October,25,22,3,0,0
611,1051,November,24,22,2,0,0
612,1051,December,24,22,2,0,0
613,1052,January,24,19,5,0,0
614,1052,February,25,22,3,0,0
615,1052,March,22,17,5,0,0
616,1052,April,25,22,3,0,0
617,1052,May,23,18,5,0,0
618,1052,June,24,22,2,0,0
619,1052,July,23,19,4,0,0
620,1052,August,23,21,2,0,0
621,1052,September,24,22,2,0,0
622,1052,October,25,23,2,0,0
623,1052,November,25,21,4,0,0
624,1052,December,23,20,3,0,0
625,1053,January,23,23,0,5,0
626,1053,February,24,22,2,0,0
627,1053,March,24,23,1,0,2
628,1053,April,22,20,2,0,0
629,1053,May,25,25,0,0,1
630,1053,June,25,23,2,0,0
631,1053,July,22,21,1,0,0
632,1053,August,23,23,0,0,0
633,1053,September,24,23,1,0,0
634,1053,October,24,24,0,0,0
635,1053,November,24,22,2,0,0
636,1053,December,23,21,2,0,0
637,1054,January,24,19,5,0,0
638,1054,February,22,20,2,0,0
639,1054,March,24,22,2,0,0
640,1054,April,24,20,4,0,0
641,1054,May,22,18,4,0,0
642,1054,June,23,20,3,0,0
643,1054,July,22,19,3,0,0
644,1054,August,23,21,2,0,0
645,1054,September,24,19,5,0,0
646,1054,October,23,20,3,0,0
647,1054,November,25,21,4,0,0
648,1054,December,24,19,5,0,0
649,1055,January,23,23,0,0,0
650,1055,February,24,22,2,0,0
651,1055,March,24,24,0,0,0
652,1055,April,25,23,2,0,0
653,1055,May,23,22,1,0,0
654,1055,June,22,22,0,7,0
655,1055,July,24,22,2,0,0
656,1055,August,24,24,0,0,0
657,1055,September,24,23,1,0,0
658,1055,October,23,21,2,0,0
659,1055,November,25,24,1,0,0
660,1055,December,23,22,1,0,0
661,1056,January,25,22,3,0,0
662,1056,February,22,20,2,0,0
663,1056,March,25,21,4,0,0
664,1056,April,24,21,3,0,0
665,1056,May,22,20,2,0,0
666,1056,June,24,20,4,0,0
667,1056,July,23,20,3,0,0
668,1056,August,25,20,5,0,0
669,1056,September,22,19,3,0,0
670,1056,October,22,17,5,0,0
671,1056,November,23,20,3,0,0
672,1056,December,25,22,3,0,0
673,1057,January,23,20,3,0,0
674,1057,February,25,21,4,0,0
675,1057,March,25,21,4,0,1
676,1057,April,24,21,3,0,0
677,1057,May,25,20,5,0,0
678,1057,June,25,21,4,0,0
679,1057,July,22,18,4,0,0
680,1057,August,23,20,3,0,1
681,1057,September,23,18,5,0,0
682,1057,October,22,17,5,0,0
683,1057,November,23,20,3,0,0
684,1057,December,22,20,2,0,0
685,1058,January,23,21,2,0,0
686,1058,February,24,19,5,0,0
687,1058,March,22,20,2,0,0
688,1058,April,24,21,3,0,0
689,1058,May,23,18,5,0,0
690,1058,June,23,18,5,0,0
691,1058,July,22,20,2,0,0
692,1058,August,25,21,4,0,0
693,1058,September,22,19,3,0,0
694,1058,October,24,21,3,0,0
695,1058,November,22,19,3,0,0
696,1058,December,25,20,5,0,0
697,1059,January,24,20,4,0,0
698,1059,February,25,20,5,0,0
699,1059,March,25,23,2,0,0
700,1059,April,24,19,5,0,0
701,1059,May,24,19,5,0,0
702,1059,June,24,21,3,0,0
703,1059,July,23,21,2,0,0
704,1059,August,23,20,3,0,0
705,1059,September,22,19,3,0,0
706,1059,October,23,20,3,0,0
707,1059,November,24,21,3,0,0
708,1059,December,25,21,4,0,0
709,1060,January,24,19,5,0,0
710,1060,February,22,19,3,0,0
711,1060,March,25,21,4,0,0
712,1060,April,24,19,5,0,0
713,1060,May,22,17,5,0,0
714,1060,June,23,18,5,0,0
715,1060,July,24,21,3,0,0
716,1060,August,23,19,4,0,0
717,1060,September,24,19,5,0,0
718,1060,October,24,21,3,0,0
719,1060,November,24,22,2,0,0
720,1060,December,25,22,3,0,0
721,1061,January,22,20,2,0,0
722,1061,February,23,20,3,0,0
723,1061,March,22,19,3,0,0
724,1061,April,22,18,4,0,0
725,1061,May,25,21,4,0,0
726,1061,June,22,19,3,0,0
727,1061,July,24,19,5,0,0
728,1061,August,24,19,5,0,1
729,1061,September,22,19,3,0,0
730,1061,October,25,21,4,0,0
731,1061,November,23,19,4,0,0
732,1061,December,23,20,3,0,0
733,1062,January,23,18,5,0,0
734,1062,February,22,19,3,0,0
735,1062,March,23,20,3,0,0
736,1062,April,25,21,4,0,0
737,1062,May,23,20,3,0,0
738,1062,June,22,18,4,0,0
739,1062,July,24,19,5,0,0
740,1062,August,23,20,3,0,0
741,1062,September,22,18,4,0,0
742,1062,October,22,20,2,0,0
743,1062,November,22,20,2,0,0
744,1062,December,25,22,3,0,0
745,1063,January,24,22,2,0,0
746,1063,February,24,20,4,0,0
747,1063,March,25,20,5,0,0
748,1063,April,25,20,5,0,0
749,1063,May,23,19,4,0,0
750,1063,June,22,19,3,0,0
751,1063,July,23,19,4,0,0
752,1063,August,25,20,5,0,0
753,1063,September,23,20,3,0,0
754,1063,October,23,19,4,0,0
755,1063,November,23,20,3,0,0
756,1063,December,23,19,4,0,0
757,1064,January,25,21,4,0,0
758,1064,February,23,19,4,0,0
759,1064,March,22,18,4,0,0
760,1064,April,24,20,4,0,0
761,1064,May,25,22,3,0,0
762,1064,June,24,19,5,0,0
763,1064,July,22,19,3,0,0
764,1064,August,22,20,2,0,0
765,1064,September,24,21,3,0,0
766,1064,October,23,18,5,0,0
767,1064,November,25,20,5,0,0
768,1064,December,24,21,3,0,2
769,1065,January,24,22,2,0,0
770,1065,February,25,20,5,0,0
771,1065,March,23,18,5,0,0
772,1065,April,23,21,2,0,0
773,1065,May,22,18,4,0,0
774,1065,June,24,21,3,0,1
775,1065,July,24,21,3,0,0
776,1065,August,25,21,4,0,0
777,1065,September,22,20,2,0,0
778,1065,October,24,22,2,0,0
779,1065,November,23,19,4,0,0
780,1065,December,25,22,3,0,1
781,1066,January,25,22,3,0,1
782,1066,February,24,19,5,0,0
783,1066,March,22,18,4,0,0
784,1066,April,24,21,3,0,0
785,1066,May,25,21,4,0,0
786,1066,June,24,19,5,0,0
787,1066,July,25,22,3,0,0
788,1066,August,25,22,3,0,0
789,1066,September,23,18,5,0,0
790,1066,October,24,19,5,0,0
791,1066,November,23,19,4,0,0
792,1066,December,23,20,3,0,0
793,1067,January,22,20,2,0,0
794,1067,February,23,23,0,0,0
795,1067,March,25,23,2,0,0
796,1067,April,23,23,0,0,0
797,1067,May,25,24,1,0,0
798,1067,June,24,23,1,0,0
799,1067,July,24,23,1,0,0
800,1067,August,23,21,2,0,0
801,1067,September,24,22,2,0,0
802,1067,October,25,25,0,0,0
803,1067,November,22,20,2,0,0
804,1067,December,23,21,2,0,0
805,1068,January,23,22,1,0,0
806,1068,February,24,24,0,0,0
807,1068,March,25,23,2,0,0
808,1068,April,23,21,2,0,0
809,1068,May,25,25,0,0,0
810,1068,June,24,23,1,0,1
811,1068,July,25,23,2,0,0
812,1068,August,25,25,0,0,0
813,1068,September,24,24,0,0,0
814,1068,October,23,22,1,0,0
815,1068,November,22,20,2,0,0
816,1068,December,23,23,0,0,0
817,1069,January,23,21,2,0,0
818,1069,February,25,20,5,0,0
819,1069,March,25,21,4,0,0
820,1069,April,22,19,3,0,0
821,1069,May,25,21,4,0,0
822,1069,June,23,19,4,0,0
823,1069,July,23,21,2,0,0
824,1069,August,25,22,3,0,0
825,1069,September,22,19,3,0,0
826,1069,October,23,20,3,0,0
827,1069,November,22,18,4,0,0
828,1069,December,23,21,2,0,0
829,1070,January,24,21,3,0,2
830,1070,February,22,17,5,0,2
831,1070,March,24,21,3,0,0
832,1070,April,25,21,4,0,0
833,1070,May,23,18,5,0,0
834,1070,June,25,22,3,0,0
835,1070,July,25,20,5,0,0
836,1070,August,25,23,2,0,0
837,1070,September,22,19,3,0,0
838,1070,October,24,20,4,0,0
839,1070,November,24,19,5,0,0
840,1070,December,24,22,2,0,0
841,1071,January,24,21,3,0,0
842,1071,February,23,20,3,0,0
843,1071,March,23,21,2,0,0
844,1071,April,24,20,4,0,0
845,1071,May,23,20,3,0,0
846,1071,June,22,17,5,0,0
847,1071,July,22,18,4,0,0
848,1071,August,23,20,3,0,2
849,1071,September,25,22,3,0,0
850,1071,October,25,23,2,0,0
851,1071,November,25,22,3,0,0
852,1071,December,24,21,3,0,0
853,1072,January,22,17,5,0,0
854,1072,February,22,20,2,0,0
855,1072,March,24,19,5,0,0
856,1072,April,22,20,2,0,0
857,1072,May,22,19,3,0,0
858,1072,June,24,21,3,0,0
859,1072,July,23,20,3,0,2
860,1072,August,25,22,3,0,0
861,1072,September,25,21,4,0,0
862,1072,October,24,20,4,0,0
863,1072,November,22,20,2,0,2
864,1072,December,24,21,3,0,0
865,1073,January,25,22,3,0,0
866,1073,February,23,20,3,0,0
867,1073,March,22,17,5,0,0
868,1073,April,24,22,2,0,0
869,1073,May,22,18,4,0,0
870,1073,June,23,20,3,0,0
871,1073,July,22,20,2,0,0
872,1073,August,25,22,3,0,0
873,1073,September,23,20,3,0,0
874,1073,October,25,20,5,0,0
875,1073,November,22,20,2,0,0
876,1073,December,24,20,4,0,0
877,1074,January,22,17,5,0,0
878,1074,February,23,21,2,0,0
879,1074,March,24,19,5,0,0
880,1074,April,22,17,5,0,0
881,1074,May,22,17,5,0,0
882,1074,June,24,19,5,0,0
883,1074,July,23,20,3,0,0
884,1074,August,23,19,4,0,0
885,1074,September,23,20,3,0,0
886,1074,October,25,22,3,0,0
887,1074,November,25,22,3,0,0
888,1074,December,23,19,4,0,0
889,1075,January,22,18,4,0,0
890,1075,February,22,18,4,0,0
891,1075,March,23,18,5,0,0
892,1075,April,25,21,4,0,0
893,1075,May,24,20,4,0,0
894,1075,June,25,21,4,0,0
895,1075,July,24,22,2,0,0
896,1075,August,25,21,4,0,0
897,1075,September,25,23,2,0,1
898,1075,October,24,22,2,0,0
899,1075,November,24,21,3,0,0
900,1075,December,22,18,4,0,0
901,1076,January,23,20,3,0,0
902,1076,February,25,20,5,0,0
903,1076,March,23,18,5,0,0
904,1076,April,23,21,2,0,0
905,1076,May,25,23,2,0,0
906,1076,June,23,18,5,0,0
907,1076,July,23,20,3,0,1
908,1076,August,23,19,4,0,0
909,1076,September,22,18,4,0,1
910,1076,October,24,19,5,0,0
911,1076,November,23,21,2,0,0
912,1076,December,24,22,2,0,0
913,1077,January,23,22,1,0,0
914,1077,February,23,21,2,0,2
915,1077,March,25,23,2,0,0
916,1077,April,25,23,2,0,0
917,1077,May,22,20,2,0,0
918,1077,June,22,21,1,0,0
919,1077,July,23,21,2,0,0
920,1077,August,22,20,2,0,1
921,1077,September,22,21,1,0,0
922,1077,October,22,21,1,0,0
923,1077,November,22,20,2,0,0
924,1077,December,25,25,0,0,0
925,1078,January,22,18,4,0,0
926,1078,February,25,22,3,0,0
927,1078,March,23,19,4,0,0
928,1078,April,23,18,5,0,0
929,1078,May,24,20,4,0,0
930,1078,June,22,19,3,0,0
931,1078,July,23,19,4,0,0
932,1078,August,24,21,3,0,0
933,1078,September,23,19,4,0,0
934,1078,October,25,23,2,0,0
935,1078,November,22,19,3,0,0
936,1078,December,22,17,5,0,0
937,1079,January,24,20,4,0,0
938,1079,February,25,20,5,0,2
939,1079,March,22,17,5,0,0
940,1079,April,23,20,3,0,0
941,1079,May,22,18,4,0,0
942,1079,June,24,22,2,0,0
943,1079,July,24,19,5,0,0
944,1079,August,22,18,4,0,0
945,1079,September,25,21,4,0,0
946,1079,October,24,22,2,0,0
947,1079,November,22,19,3,0,2
948,1079,December,22,19,3,0,0
949,1080,January,25,24,1,0,0
950,1080,February,23,21,2,0,0
951,1080,March,23,22,1,0,0
952,1080,April,24,23,1,0,0
953,1080,May,23,22,1,0,0
954,1080,June,23,22,1,0,0
955,1080,July,23,21,2,0,0
956,1080,August,22,21,1,0,0
957,1080,September,24,23,1,0,0
958,1080,October,23,22,1,0,0
959,1080,November,24,24,0,0,0
960,1080,December,22,20,2,0,0
961,1081,January,25,22,3,0,0
962,1081,February,22,20,2,0,0
963,1081,March,23,19,4,0,0
964,1081,April,24,22,2,0,0
965,1081,May,25,21,4,0,0
966,1081,June,24,22,2,0,0
967,1081,July,24,22,2,0,0
968,1081,August,22,18,4,0,0
969,1081,September,24,21,3,0,0
970,1081,October,23,18,5,0,1
971,1081,November,24,22,2,0,0
972,1081,December,22,17,5,0,0
973,1082,January,23,19,4,0,0
974,1082,February,22,20,2,0,0
975,1082,March,23,21,2,0,0
976,1082,April,22,19,3,0,0
977,1082,May,22,18,4,0,0
978,1082,June,22,19,3,0,0
979,1082,July,25,21,4,0,0
980,1082,August,24,21,3,0,0
981,1082,September,22,17,5,0,0
982,1082,October,22,20,2,0,0
983,1082,November,22,19,3,0,0
984,1082,December,22,20,2,0,0
985,1083,January,25,22,3,0,0
986,1083,February,24,20,4,0,0
987,1083,March,22,17,5,0,0
988,1083,April,23,18,5,0,0
989,1083,May,25,23,2,0,0
990,1083,June,24,22,2,0,1
991,1083,July,22,18,4,0,1
992,1083,August,25,20,5,0,0
993,1083,September,22,20,2,0,0
994,1083,October,23,18,5,0,0
995,1083,November,24,22,2,0,0
996,1083,December,25,22,3,0,0
997,1084,January,25,23,2,0,0
998,1084,February,24,20,4,0,0
999,1084,March,25,22,3,0,0
1000,1084,April,24,22,2,0,0
1001,1084,May,24,20,4,0,0
1002,1084,June,25,21,4,0,1
1003,1084,July,25,21,4,0,0
1004,1084,August,23,19,4,0,0
1005,1084,September,25,23,2,0,0
1006,1084,October,22,20,2,0,0
1007,1084,November,25,22,3,0,0
1008,1084,December,22,19,3,0,0
1009,1085,January,23,19,4,0,0
1010,1085,February,22,19,3,0,0
1011,1085,March,25,20,5,0,0
1012,1085,April,24,21,3,0,0
1013,1085,May,23,21,2,0,0
1014,1085,June,23,21,2,0,0
1015,1085,July,23,21,2,0,0
1016,1085,August,22,20,2,0,0
1017,1085,September,24,21,3,0,0
1018,1085,October,23,20,3,0,0
1019,1085,November,22,19,3,0,0
1020,1085,December,23,20,3,0,0
1021,1086,January,25,21,4,0,0
1022,1086,February,22,20,2,0,0
1023,1086,March,24,21,3,0,0
1024,1086,April,24,22,2,0,0
1025,1086,May,24,21,3,0,0
1026,1086,June,24,21,3,0,0
1027,1086,July,24,21,3,0,0
1028,1086,August,25,22,3,0,0
1029,1086,September,24,20,4,0,0
1030,1086,October,23,21,2,0,0
1031,1086,November,24,19,5,0,0
1032,1086,December,23,19,4,0,0
1033,1087,January,25,20,5,0,0
1034,1087,February,25,23,2,0,0
1035,1087,March,25,22,3,0,0
1036,1087,April,23,20,3,0,0
1037,1087,May,23,18,5,0,0
1038,1087,June,23,20,3,0,0
1039,1087,July,23,20,3,0,0
1040,1087,August,22,20,2,0,0
1041,1087,September,23,18,5,0,0
1042,1087,October,25,23,2,0,0
1043,1087,November,25,20,5,0,0
1044,1087,December,23,20,3,0,0
1045,1088,January,24,20,4,0,0
1046,1088,February,24,20,4,0,0
1047,1088,March,22,20,2,0,0
1048,1088,April,24,22,2,0,0
1049,1088,May,24,19,5,0,0
1050,1088,June,25,23,2,0,0
1051,1088,July,23,21,2,0,0
1052,1088,August,22,19,3,0,0
1053,1088,September,25,23,2,0,0
1054,1088,October,25,23,2,0,0
1055,1088,November,23,19,4,0,0
1056,1088,December,23,21,2,0,0
1057,1089,January,24,22,2,0,0
1058,1089,February,24,21,3,0,0
1059,1089,March,24,22,2,0,0
1060,1089,April,25,22,3,0,0
1061,1089,May,23,20,3,0,0
1062,1089,June,23,21,2,0,0
1063,1089,July,23,20,3,0,0
1064,1089,August,23,20,3,0,0
1065,1089,September,24,22,2,0,0
1066,1089,October,22,17,5,0,0
1067,1089,November,22,17,5,0,0
1068,1089,December,23,19,4,0,0
1069,1090,January,22,18,4,0,2
1070,1090,February,25,21,4,0,0
1071,1090,March,23,21,2,0,0
1072,1090,April,24,22,2,0,0
1073,1090,May,24,21,3,0,0
1074,1090,June,25,23,2,0,0
1075,1090,July,22,17,5,0,0
1076,1090,August,23,20,3,0,0
1077,1090,September,24,20,4,0,1
1078,1090,October,22,20,2,0,0
1079,1090,November,25,22,3,0,0
1080,1090,December,23,20,3,0,0
1081,1091,January,23,18,5,0,0
1082,1091,February,25,22,3,0,0
1083,1091,March,22,17,5,0,2
1084,1091,April,24,22,2,0,0
1085,1091,May,24,21,3,0,0
1086,1091,June,24,19,5,0,0
1087,1091,July,22,17,5,0,0
1088,1091,August,23,19,4,0,0
1089,1091,September,22,20,2,0,0
1090,1091,October,24,21,3,0,0
1091,1091,November,25,23,2,0,0
1092,1091,December,23,20,3,0,0
1093,1092,January,25,25,0,0,0
1094,1092,February,24,22,2,0,0
1095,1092,March,24,23,1,0,0
1096,1092,April,22,20,2,0,0
1097,1092,May,25,24,1,0,0
1098,1092,June,23,23,0,0,0
1099,1092,July,25,24,1,0,0
1100,1092,August,24,23,1,0,0
1101,1092,September,23,21,2,0,2
1102,1092,October,22,22,0,0,0
1103,1092,November,25,25,0,0,0
1104,1092,December,22,22,0,0,0
1105,1093,January,24,23,1,0,0
1106,1093,February,25,25,0,0,0
1107,1093,March,23,22,1,0,0
1108,1093,April,25,24,1,0,0
1109,1093,May,25,23,2,0,0
1110,1093,June,25,24,1,0,0
1111,1093,July,22,22,0,0,0
1112,1093,August,25,25,0,0,0
1113,1093,September,23,22,1,0,0
1114,1093,October,22,22,0,0,0
1115,1093,November,22,21,1,0,0
1116,1093,December,24,24,0,0,0
1117,1094,January,23,18,5,0,0
1118,1094,February,24,21,3,0,1
1119,1094,March,22,18,4,0,0
1120,1094,April,25,22,3,0,0
1121,1094,May,23,20,3,0,0
1122,1094,June,22,20,2,0,0
1123,1094,July,24,20,4,0,0
1124,1094,August,23,19,4,0,0
1125,1094,September,24,22,2,0,0
1126,1094,October,24,22,2,0,0
1127,1094,November,23,20,3,0,0
1128,1094,December,25,23,2,0,0
1129,1095,January,22,20,2,0,1
1130,1095,February,24,24,0,0,0
1131,1095,March,22,21,1,0,0
1132,1095,April,25,24,1,0,0
1133,1095,May,23,21,2,0,0
1134,1095,June,23,23,0,0,0
1135,1095,July,22,21,1,0,0
1136,1095,August,24,23,1,0,0
1137,1095,September,22,20,2,0,0
1138,1095,October,22,20,2,0,0
1139,1095,November,24,24,0,0,0
1140,1095,December,24,24,0,0,0
1141,1096,January,23,18,5,0,0
1142,1096,February,24,22,2,0,0
1143,1096,March,22,18,4,0,0
1144,1096,April,22,19,3,0,0
1145,1096,May,22,17,5,0,0
1146,1096,June,23,20,3,0,0
1147,1096,July,24,20,4,0,0
1148,1096,August,24,20,4,0,0
1149,1096,September,22,20,2,0,0
1150,1096,October,24,20,4,0,0
1151,1096,November,22,20,2,0,0
1152,1096,December,24,19,5,0,0
1153,1097,January,25,20,5,0,0
1154,1097,February,25,23,2,0,0
1155,1097,March,25,22,3,0,0
1156,1097,April,23,20,3,0,0
1157,1097,May,25,22,3,0,0
1158,1097,June,25,22,3,0,0
1159,1097,July,25,21,4,0,0
1160,1097,August,22,19,3,0,0
1161,1097,September,24,20,4,0,0
1162,1097,October,25,20,5,0,0
1163,1097,November,25,23,2,0,0
1164,1097,December,22,20,2,0,0
1165,1098,January,23,18,5,0,0
1166,1098,February,25,22,3,0,2
1167,1098,March,24,19,5,0,0
1168,1098,April,25,22,3,0,0
1169,1098,May,25,23,2,0,0
1170,1098,June,25,23,2,0,0
1171,1098,July,24,19,5,0,0
1172,1098,August,23,18,5,0,0
1173,1098,September,25,23,2,0,0
1174,1098,October,22,20,2,0,0
1175,1098,November,22,18,4,0,2
1176,1098,December,24,21,3,0,0
1177,1099,January,23,20,3,0,0
1178,1099,February,25,21,4,0,2
1179,1099,March,24,20,4,0,0
1180,1099,April,25,22,3,0,0
1181,1099,May,24,20,4,0,0
1182,1099,June,23,20,3,0,0
1183,1099,July,23,21,2,0,0
1184,1099,August,24,20,4,0,0
1185,1099,September,25,23,2,0,0
1186,1099,October,22,17,5,0,0
1187,1099,November,24,20,4,0,0
1188,1099,December,24,21,3,0,0
